<beans xmlns="http://www.springframework.org/schema/beans"
	xmlns:mvc="http://www.springframework.org/schema/mvc" xmlns:context="http://www.springframework.org/schema/context"
	xmlns:xsi="http://www.w3.org/2001/XMLSchema-instance" xmlns:beans="http://www.springframework.org/schema/beans"
	xmlns:tx="http://www.springframework.org/schema/tx" xmlns:p="http://www.springframework.org/schema/p"
	xsi:schemaLocation="
		http://www.springframework.org/schema/tx
		http://www.springframework.org/schema/tx/spring-tx.xsd
       http://www.springframework.org/schema/beans     
       http://www.springframework.org/schema/beans/spring-beans.xsd
       http://www.springframework.org/schema/mvc 
       http://www.springframework.org/schema/mvc/spring-mvc.xsd
       http://www.springframework.org/schema/context 
       http://www.springframework.org/schema/context/spring-context.xsd">
	<!-- 自动扫描注解包 -->
	<context:component-scan base-package="com.statestr.cp.admin.controller" />
	<context:component-scan base-package="com.statestr.cp.common.dao" />
	<context:component-scan base-package="com.statestr.cp.common.service" />
	<!-- 注解支持 会自动注册DefaultAnnotationHandlerMapping和AnnotationMethodHandlerAdapter 
		两个bean -->
	<mvc:annotation-driven />
	<!-- 根据Annotation来生成事务代理 -->
	<!-- 配置静态资源 -->
	<mvc:resources location="/resources/" mapping="/resources/**" />

	<!-- 视图配置 -->
	<bean id="viewResolver"
		class="org.springframework.web.servlet.view.InternalResourceViewResolver">
		<property name="prefix" value="/WEB-INF/pages/" />
		<property name="suffix" value=".jsp" />
	</bean>

	<!-- 总错误处理 -->
	<bean id="exceptionResolver"
		class="org.springframework.web.servlet.handler.SimpleMappingExceptionResolver">
		<property name="defaultErrorView">
			<value>500_error</value>
		</property>
		<property name="defaultStatusCode">
			<value>500</value>
		</property>
	</bean>

	<bean id="localDatabase"
		class="org.springframework.jdbc.datasource.DriverManagerDataSource">
		<property name="driverClassName" value="org.apache.derby.jdbc.ClientDriver" />
		<property name="url"
			value="jdbc:derby://localhost:1527/C:/DevHome/software/derbyDatabase/share" />
		<property name="username" value="e604845" />
		<property name="password" value="testuser" />
	</bean>

	<bean id="sessionFactory"
		class="org.springframework.orm.hibernate4.LocalSessionFactoryBean">
		<property name="dataSource" ref="localDatabase" />
		<property name="hibernateProperties">
			<props>
				<prop key="hibernate.dialect">org.hibernate.dialect.DerbyDialect</prop>
				<!-- 是否根据Hibernate映射创建数据表 -->
				<prop key="hibernate.hbm2ddl.auto">update</prop>
				<prop key="hibernate.default_schema">e604845</prop>
			</props>
		</property>
		<property name="packagesToScan">
			<list>
				<value>com.statestr.cp.common.entity</value>
			</list>
		</property>
	</bean>
	<bean id="transactionManager"
		class="org.springframework.jdbc.datasource.DataSourceTransactionManager"
		p:dataSource-ref="localDatabase" />
	<tx:annotation-driven transaction-manager="transactionManager" />

</beans>